title,storyline,director,actors,genre,rating,votes,duration
The Substance,"A fading celebrity takes a black-market drug: a cell-replicating substance that helps her create a younger, better version of herself.",Coralie Fargeat,"Demi Moore, Margaret Qualley, Dennis Quaid, Edward Hamilton-Clark, Gore Abrams","Body Horror, Dark Comedy, Monster Horror",7.2,351K,2h 21m(141 min)
The Life of Chuck,"A life-affirming, genre-bending story about three chapters in the life of an ordinary man named Charles Krantz.",Mike Flanagan,"Tom Hiddleston, Jacob Tremblay, Benjamin Pajak, Cody Flanagan, Chiwetel Ejiofor","Drama, Fantasy, Sci-Fi",7.3,39K,1h 51m(111 min)
Nosferatu,"A gothic tale of obsession between a haunted young woman and the terrifying vampire infatuated with her, causing untold horror in its wake.",Robert Eggers,"Lily-Rose Depp, Nicholas Hoult, Bill Skarsgård, Aaron Taylor-Johnson, Willem Dafoe","Dark Fantasy, Folk Horror, Supernatural Horror",7.2,242K,2h 12m(132 min)
Heretic,Two young religious women are drawn into a game of cat-and-mouse in the house of a strange man.,Scott Beck,"Hugh Grant, Sophie Thatcher, Chloe East, Topher Grace, Elle Young","Psychological Horror, Psychological Thriller, Horror",7.0,198K,1h 51m(111 min)
Longlegs,"In pursuit of a serial killer, an FBI agent uncovers a series of occult clues that she must solve to end his terrifying killing spree.",Osgood Perkins,"Maika Monroe, Nicolas Cage, Blair Underwood, Alicia Witt, Michelle Choi-Lee","Psychological Horror, Psychological Thriller, Serial Killer",6.6,208K,1h 41m(101 min)
Bone Lake,"A couple's vacation at a secluded estate is upended when they're forced to share the mansion with a mysterious couple. A dream getaway spirals into a nightmarish maze of sex, lies, and manipulation, triggering a battle for survival.",Mercedes Bryce Morgan,"Alex Roe, Maddie Hasson, Marco Pigossi, Andra Nechita, Clayton Spencer","Erotic Thriller, Psychological Horror, Psychological Thriller",6.1,1.5K,1h 34m(94 min)
Shell,"Desperate to reclaim her career, once-beloved actress Samantha Lake is drawn into the glamorous world of wellness mogul Zoe Shannon -only to uncover a monstrous truth beneath its flawless surface.",Max Minghella,"Elizabeth Berkley, Leanne Suter, Kate Hudson, Elisabeth Moss, Kaia Gerber","Body Horror, Comedy, Horror",4.9,1.2K,1h 40m(100 min)
Wicked,"Elphaba, a young woman ridiculed for her green skin, and Galinda, a popular girl, become friends at Shiz University in the Land of Oz. After an encounter with the Wonderful Wizard of Oz, their friendship reaches a crossroads.",Jon M. Chu,"Cynthia Erivo, Ariana Grande, Jeff Goldblum, Michelle Yeoh, Jonathan Bailey","Fairy Tale, Pop Musical, Fantasy",7.4,187K,2h 40m(160 min)
Anora,"A young stripper from Brooklyn meets and impulsively marries the son of a Russian oligarch. Once the news reaches Russia, her fairy tale is threatened as his parents set out for New York to get the marriage annulled.",Sean Baker,"Mikey Madison, Paul Weissman, Yura Borisov, Lindsey Normington, Emily Weider","Dark Comedy, Raunchy Comedy, Steamy Romance",7.4,231K,2h 19m(139 min)
All of You,A stirring near-futuristic romance of two best friends who harbor an unspoken love for one another even after a test matches one of them up with their supposed soulmate.,William Bridges,"Imogen Poots, Brett Goldstein, Rebecca Osias, Kadiesha Belgrave, Zawe Ashton",Drama,6.3,6K,1h 38m(98 min)
Scared Shitless,"A plumber and his germophobic son are forced to get their hands dirty to save the residents of an apartment building, when a genetically engineered, blood-thirsty creature escapes into the plumbing system.",Vivieno Caldinelli,"Steven Ogg, Daniel Doheny, Chelsea Clark, Marcia Bennett, Mark McKinney","Dark Comedy, Monster Horror, Comedy",5.8,549,1h 14m(74 min)
Shelby Oaks,A woman's desperate search for her long-lost sister falls into obsession upon realizing that the imaginary demon from their childhood may have been real.,Chris Stuckmann,"Sarah Durn, Mason Heidger, Joe Quinn, Mariah Burks, Rebecca DeMarco","Supernatural Horror, Horror, Thriller",5.7,845,1h 39m(99 min)
Relay,A broker of lucrative payoffs between corrupt corporations and the individuals who threaten them breaks his own rules when a new client seeks his protection to stay alive.,David Mackenzie,"Riz Ahmed, Lily James, Sam Worthington, Willa Fitzgerald, Jared Abrahamson","Conspiracy Thriller, Action, Drama",7.0,13K,1h 52m(112 min)
Culpa tuya,"Despite their parents' efforts to separate them, Noah and Nick's love seems unbreakable. However, work and college open their lives to new relationships.",Domingo González,"Nicole Wallace, Gabriel Guevara, Marta Hazas, Iván Sánchez, Eva Ruiz","Spanish, Drama, Romance",5.2,16K,1h 58m(118 min)
The Brutalist,A visionary architect flees post-war Europe in 1947 for a brighter future in the United States and finds his life forever changed by a wealthy client.,Brady Corbet,"Adrien Brody, Felicity Jones, Guy Pearce, Joe Alwyn, Raffey Cassidy","Epic, Drama",7.3,107K,3h 36m(216 min)
Dune: Part Two,"Paul Atreides unites with the Fremen while on a warpath of revenge against the conspirators who destroyed his family. Facing a choice between the love of his life and the fate of the universe, he endeavors to prevent a terrible future.",Denis Villeneuve,"Timothée Chalamet, Zendaya, Rebecca Ferguson, Javier Bardem, Josh Brolin","Action Epic, Desert Adventure, Epic",8.4,674K,2h 46m(166 min)
Delivery Run,"A food delivery driver gets caught in a deadly chase in the icy Minnesota wilderness, pursued by a crazed snowplow driver for unknown reasons, facing life-threatening situations and forced to outsmart his relentless pursuer alone.",Joey Palmroos,"Alexander Arnold, Jussi Lampi, Liam James Collins, Arthur Sylense, Nadine Higgin","Action, Thriller",4.7,238,1h 24m(84 min)
Eden,"Based on a factual account of a group of outsiders who settle on a remote island only to discover their greatest threat isn't the brutal climate or deadly wildlife, but each other.",Ron Howard,"Jude Law, Ana de Armas, Vanessa Kirby, Daniel Brühl, Sydney Sweeney","Psychological Thriller, History, Thriller",6.4,18K,2h 9m(129 min)
Friendship,A suburban dad falls hard for his charismatic new neighbor.,Andrew DeYoung,"Tim Robinson, Paul Rudd, Kate Mara, Jack Dylan Grazer, Rick Worthy","Dark Comedy, Comedy",6.7,30K,1h 40m(100 min)
Beetlejuice Beetlejuice,"After a family tragedy, three generations of the Deetz family return home to Winter River. Still haunted by Beetlejuice, Lydia's life is turned upside down when her teenage daughter, Astrid, accidentally opens the portal to the Afterlife.",Tim Burton,"Michael Keaton, Winona Ryder, Catherine O'Hara, Jenna Ortega, Justin Theroux","Body Horror, Dark Comedy, Dark Fantasy",6.6,164K,1h 45m(105 min)
The Ministry of Ungentlemanly Warfare,The British military recruits a small group of highly skilled soldiers to strike against German forces behind enemy lines during World War II.,Guy Ritchie,"Henry Cavill, Alan Ritchson, Alex Pettyfer, Eiza González, Babs Olusanmokun","War Epic, Action, Comedy",6.8,147K,2h 2m(122 min)
The Strangers: Chapter 1,"After their car breaks down in an eerie small town, a young couple is forced to spend the night in a remote cabin. Panic ensues as they are terrorized by three masked strangers who strike with no mercy and seemingly no motive.",Renny Harlin,"Ryan Bown, Matus Lajcak, Olivia Kreutzova, Letizia Fabbri, Madelaine Petsch","Psychological Horror, Slasher Horror, Horror",4.7,26K,1h 31m(91 min)
Speak No Evil,"A family is invited to spend a whole weekend in a lonely home in the countryside, but as the weekend progresses, they realize that a dark side lies within the family who invited them.",James Watkins,"James McAvoy, Mackenzie Davis, Scoot McNairy, Aisling Franciosi, Alix West Lefler","Psychological Drama, Psychological Horror, Psychological Thriller",6.8,122K,1h 50m(110 min)
Bad Shabbos,An engaged interfaith couple are about to have their parents meet for the first time over a Shabbat dinner when an accidental death gets in the way.,Daniel Robbins,"Milana Vayntrub, Kyra Sedgwick, Ashley Zukerman, David Paymer, Method Man",Comedy,6.5,764,1h 24m(84 min)
Smile 2,"About to embark on a world tour, global pop sensation Skye Riley begins experiencing increasingly terrifying and inexplicable events. Overwhelmed by the escalating horrors and the pressures of fame, Skye is forced to face her past.",Parker Finn,"Naomi Scott, Rosemarie DeWitt, Lukas Gage, Miles Gutierrez-Riley, Peter Jacobson","Psychological Horror, Showbiz Drama, Splatter Horror",6.7,127K,2h 7m(127 min)
Babygirl,A high-powered CEO puts her career and family on the line when she begins a torrid affair with her much-younger intern.,Halina Reijn,"Nicole Kidman, Harris Dickinson, Antonio Banderas, Sophie Wilde, Esther McGregor","Erotic Thriller, Workplace Drama, Drama",5.8,73K,1h 54m(114 min)
40 Acres,"In a post-apocalyptic world with food scarcity, a Black family of Canadian farmers descended from American Civil War migrants defend their homestead against cannibals trying to seize their resources.",R.T. Thorne,"Danielle Deadwyler, Kataem O'Connor, Michael Greyeyes, Milcania Diaz-Rojas, Leenah Robinson","Action, Drama, Sci-Fi",6.5,4.6K,1h 53m(113 min)
Gladiator II,"After his home is conquered by the tyrannical emperors who now lead Rome, Lucius is forced to enter the Colosseum and must look to his past to find strength to return the glory of Rome to its people.",Ridley Scott,"Paul Mescal, Denzel Washington, Pedro Pascal, Connie Nielsen, Joseph Quinn","Action Epic, Adventure Epic, Epic",6.5,277K,2h 28m(148 min)
Deadpool & Wolverine,"Deadpool is offered a place in the Marvel Cinematic Universe by the Time Variance Authority, but instead recruits a variant of Wolverine to save his universe from extinction.",Shawn Levy,"Ryan Reynolds, Hugh Jackman, Emma Corrin, Matthew Macfadyen, Dafne Keen","Buddy Comedy, Dark Comedy, Raunchy Comedy",7.5,535K,2h 8m(128 min)
Dirty Angels,It centers on a group of female soldiers who disguise themselves as medics to rescue a group of teenagers caught between ISIS and the forces of the Taliban.,Martin Campbell,"Eva Green, Maria Bakalova, Ruby Rose, Reza Brojerdi, Jojo T. Gibbs","Action, Drama, Thriller",4.5,5.8K,1h 44m(104 min)
Madame Web,"Forced to confront her past, Cassandra Webb, a Manhattan paramedic that may have clairvoyant abilities, forms a relationship with three young women destined for powerful futures, if they can survive their threatening present.",S.J. Clarkson,"Dakota Johnson, Sydney Sweeney, Isabela Merced, Celeste O'Connor, Tahar Rahim","Superhero, Action, Thriller",4.1,108K,1h 56m(116 min)
Terrifier 3,Art the Clown is set to unleash chaos on the unsuspecting residents of Miles County as they peacefully drift off to sleep on Christmas Eve.,Damien Leone,"Lauren LaVera, David Howard Thornton, Antonella Rose, Elliott Fullam, Samantha Scaffidi","Body Horror, Dark Comedy, Slasher Horror",6.3,57K,2h 5m(125 min)
A Complete Unknown,"In 1961, an unknown 19-year-old Bob Dylan arrives in New York City with his guitar and forges relationships with musical icons on his meteoric rise, culminating in a groundbreaking performance that reverberates around the world.",James Mangold,"Timothée Chalamet, Joe Tippett, Edward Norton, Eriko Hatsune, Peter Gray Lewis","Docudrama, Period Drama, Showbiz Drama",7.3,105K,2h 21m(141 min)
The Surfer,"A man returns to the idyllic beach of his childhood to surf with his son. When he is humiliated by a group of locals, the man is drawn into a conflict that keeps rising and pushes him to his breaking point.",Lorcan Finnegan,"Nicolas Cage, Finn Little, Rahel Romahn, Michael Abercromby, Alexander Bertrand","Psychological Thriller, Thriller",5.9,17K,1h 40m(100 min)
The Wild Robot,"After a shipwreck, an intelligent robot called Roz is stranded on an uninhabited island. To survive the harsh environment, Roz bonds with the island's animals and cares for an orphaned baby goose.",Chris Sanders,"Lupita Nyong'o, Pedro Pascal, Kit Connor, Bill Nighy, Stephanie Hsu","Animal Adventure, Artificial Intelligence, Computer Animation",8.2,201K,1h 42m(102 min)
Mahavatar Narsimha,The demon Hiranyakashyap seeks revenge on Vishnu and declares himself a god. His son Prahlad remains devoted to Vishnu. Vishnu manifests as Narsimha to defeat the demon and restore balance.,Ashwin Kumar,"Aditya Raj Sharma, Haripriya Matta, Priyanka Bhandari, Sanket Jaiswal, Harjeet Walia","Hindi, Action Epic, Adult Animation",8.7,41K,2h 10m(130 min)
Presence,A family becomes convinced they are not alone after moving into their new home in the suburbs.,Steven Soderbergh,"Lucy Liu, Chris Sullivan, Callina Liang, Eddy Maday, West Mulholland","Psychological Drama, Psychological Horror, Psychological Thriller",6.1,38K,1h 24m(84 min)
Alien: Romulus,"While scavenging the deep ends of a derelict space station, a group of young space colonists come face to face with the most terrifying life form in the universe.",Fede Alvarez,"Cailee Spaeny, David Jonsson, Archie Renaux, Isabela Merced, Spike Fearn","Body Horror, Monster Horror, Space Sci-Fi",7.1,270K,1h 59m(119 min)
Civil War,"In a dystopian future, four journalists travel across the United States during a nation-wide conflict. While trying to survive, they aim to reach the White House to interview the president before he is overthrown.",Alex Garland,"Nick Offerman, Kirsten Dunst, Wagner Moura, Jefferson White, Nelson Lee","Political Thriller, Road Trip, Action",7.0,254K,1h 49m(109 min)
Flow,"Cat is a solitary animal, but as its home is devastated by a great flood, he finds refuge on a boat populated by various species, and will have to team up with them despite their differences.",Gints Zilbalodis,"Gints Zilbalodis, Thomas Oldman, Alexander David Bobson, Billy Clancsen, Maxíme Gundeo","Animal Adventure, Computer Animation, Survival",7.9,97K,1h 25m(85 min)
We Live in Time,"After an unusual encounter, a talented chef and a recently divorcée fall in love and build the home and family they've always dreamed of, until a painful truth puts their love story to the test.",John Crowley,"Andrew Garfield, Florence Pugh, Grace Delaney, Lee Braithwaite, Aoife Hinds","Feel-Good Romance, Drama, Romance",7.0,65K,1h 48m(108 min)
Summer Camp,"Follows Nora, Ginny, and Mary, three childhood best friends who used to spend every summer at a sleep-away camp together. After years, when the opportunity to get back together for a summer camp reunion presents itself, they all seize it.",Castille Landon,"Diane Keaton, Kathy Bates, Alfre Woodard, Eugene Levy, Dennis Haysbert","Quirky Comedy, Comedy",4.6,2.1K,1h 35m(95 min)
Blink Twice,"When tech billionaire Slater King meets cocktail waitress Frida at his fundraising gala, he invites her to join him and his friends on a dream vacation on his private island. As strange things start to happen, Frida questions her reality.",Zoë Kravitz,"Naomi Ackie, Channing Tatum, Alia Shawkat, Christian Slater, Simon Rex","Psychological Thriller, Whodunnit, Mystery",6.5,119K,1h 42m(102 min)
Trap,A father and his teen daughter attend a pop concert only to realize they've entered the center of a dark and sinister event.,M. Night Shyamalan,"Josh Hartnett, Ariel Donoghue, Saleka Shyamalan, Alison Pill, Hayley Mills","Psychological Horror, Psychological Thriller, Serial Killer",5.8,152K,1h 45m(105 min)
Challengers,"Tashi, a former tennis prodigy turned coach, transformed her husband into a champion. But to overcome a recent losing streak and redeem himself, he'll need to face off against his former best friend and Tashi's ex-boyfriend.",Luca Guadagnino,"Mike Faist, Josh O'Connor, Zendaya, Darnell Appling, Bryan Doo","Psychological Drama, Steamy Romance, Comedy",7.0,167K,2h 11m(131 min)
Traumatika,Mikey's night terrors become reality when his mother begins showing signs of demonic possession. What he's about to experience will haunt him for the rest of his life and claim countless lives across generations.,Pierre Tsigaridis,"Rebekah Kennedy, Emily Goss, Ranen Navat, AJ Bowen, Sean O'Bryan",Horror,4.7,509,1h 22m(82 min)
The Order,"A series of bank robberies and car heists frightened communities in the Pacific Northwest. A lone FBI agent believes that the crimes were not the work of financially motivated criminals, but rather a group of dangerous domestic terrorists.",Justin Kurzel,"Marc Maron, George Tchortov, Daniel Yip, Daniel Doheny, Sebastian Pigott","Heist, True Crime, Crime",6.8,56K,1h 56m(116 min)
Road House,"Ex-UFC fighter Dalton takes a job as a bouncer at a Florida Keys roadhouse, only to discover that this paradise is not all it seems.",Doug Liman,"Jake Gyllenhaal, Daniela Melchior, Conor McGregor, Billy Magnussen, Jessica Williams","Action Epic, Action, Drama",6.2,177K,2h 1m(121 min)
Conclave,"When Cardinal Lawrence is tasked with leading one of the world's most secretive and ancient events, selecting a new Pope, he finds himself at the center of a web of conspiracies and intrigue that could shake the very foundation of the Catholic Church.",Edward Berger,"Ralph Fiennes, Jacek Koman, Lucian Msamati, Stanley Tucci, John Lithgow","Conspiracy Thriller, Drama, Thriller",7.4,223K,2h(120 min)
MaXXXine,"In 1980s Hollywood, adult film star and aspiring actress Maxine Minx finally gets her big break. But as a mysterious killer stalks the starlets of Hollywood, a trail of blood threatens to reveal her sinister past.",Ti West,"Charley Rowan McCain, Simon Prast, Mia Goth, Deborah Geffner, Daniel Lench","Serial Killer, Slasher Horror, Crime",6.2,79K,1h 43m(103 min)
Out of Time,A determined mother faces off against a greedy pharmaceutical CEO in a race against time to save her son.,Alison Guessou,"Rohini Anderson, Charla Marie Bailey, Kevin Billups, Brettina Davis, Paul Economon",Drama,10.0,7,1h 34m(94 min)
Running Milu Deer,"Due to a car accident, the girl suffered from severe ""traumatic stress disorder"" and began to isolate herself and refuse to interact with the outside world. An encounter with an elk completely changed everything.",Yingxian Zheng,"Yingxian Zheng, Yalan Chen","Drama, Family",10.0,7,1h 44m(104 min)
YA tebya slyshu,"Sergey, an unemployed alcoholic, learns about hearing the voices of the dead via mineral water. But for this a Sacrifice has to be made. To talk to his dead father and to unravel the family secret, he plunges into the abyss of madness.",Vakhtang Zhorzholiani,"Vladimir Averyanov, Vladimir Epifantsev, Victoria Grigoryeva, Olga Matushkina, Aleksandr Mizev","Russian, Drama",10.0,10,1h(60 min)
Transpassing,"""Transpassing"" follows two young souls caught in a mysterious and terrifying liminal space.",Angelos Mavros,"Katia Avgoustatou, Alex Christian, Zavi Fossick, Benge Martin Raymond",Drama,10.0,8,N/A
Monster,"Set in the late Ming Dynasty, the story follows three enclosed-ground hunters who are close friends: Qi Feng, Yang Shiyi, and Yun Xiaotian. They assist the people along the upper reaches of the Yellow River",Sheng Tao,N/A,Fantasy,9.9,131,1h 15m(75 min)
Dawn Dusk,"Chelli Look, a leather bag artist, faces overwhelming grief after the murder of her sister. Chelli's journey towards healing forces her to rediscover who she is as an artist, leading to a revelation that takes her in a new direction.",Jason Gerber,"Chelli Look, Dave Look, Peg Harms, Michael Harms, Jennifer Smith Tapp",Documentary,9.9,11,1h 32m(92 min)
The Legend of Man and Loong,"The Huan Long family has lived and fought with dragons since ancient times. In the Dong Wenguang generation, they suddenly turned their backs on the dragon and I seal all the Kowloon Kings. In order to gain his father's approval, Dong Yiming Ignoring Dong Wenguang's interference, he secretly investigates Yong Jin-joo's whereabouts. But he is just a pawnshop in a game ... Read all",Liang Zi-Li,N/A,Action,9.9,128,1h 36m(96 min)
XRP Unleashed,"Explore Ripple Labs epic battle against the SEC with the support of the XRP Army, XRPL developers and industry experts.",Christopher Dodge,"John Deaton, Steven Nerayoff, Jimmy Vallee",Documentary,9.8,14,2h 20m(140 min)
Charlie in Wonderland,"When Charlie a twelve years old orphan boy escapes from orphanage, his life path moves towards an uncertain future. He encounters some wonderful people on his journey. They shape his life path which intertwined with their lives also.",Subhankar Adhikary,"Jagannath Chatterjee, Moumita Debnath, Himadri Sekhar Dey, Rishav Ghosh, Samim Hossain","Hindi, Drama",9.8,6,1h 22m(82 min)
Robert Shields: My Life as a Robot,"""Robert Shields: My Life as a Robot"" is a documentary that will make you believe that your actions can have an inspirational effect on so many lives - and you may not even be aware of it.",Christine Seibert Bonn,"Steve Binder, Joanna Cassidy, Mac Davis, Merrick Hanna, Paul Hooson",Documentary,9.8,19,1h 27m(87 min)
A Thousand Forests,"Five teenagers join the prestigious Philippine Forest Camp for a chance to travel the world. As they navigate this journey, they unearth far more than exotic landscapes.",Hanz Florentino,"Dennah Bautista, Santino Santiago, Ramjean Entera, James Mavie Estrella, Venice Bismonte",Drama,9.8,6,1h 57m(117 min)
Waymore Place,A family drama centered around a prosperous African-American family and their daily struggles.,Rashiid Hewitt,"Debbie Bazza, Troy Cannonier, Julius Carr, Keenan Casaw, Keenan Cashaw",Drama,9.8,17,N/A
Making Kayfabe,"Facing a mid-life crisis, a journalist discovers the regular folk moonlighting as indie wrestlers, who help him transform his childhood dream into reality as ""Fake Nooz Neville.""",Omar Mouallem,"Michael Richard Blais, Ahmed Kheiri, Taryn Kroll, Spencer Love, Omar Mouallem","Comedy, Documentary",9.8,14,44m
Come pesci nell'acqua,"A deaf researcher travels to Brazil to attend the 24th Deaflympics and understand why deaf athletes from around the world gather to compete. Three deaf Italian athletes' stories unfold, helping him grasp this event's complexity.",Veronica Spedicati,"Cristina Abrami, Vanessa Caboni, Luca Des Dorides, Federico Tamborrino","Italian, Documentary",9.8,98,2h(120 min)
Survivors Speak: Domestic Abuse and the Legal System,"In Alberta, domestic abuse survivors consistently report that the legal system is one of the most significant barriers to their healing journeys. The legal system has not been designed for survivors. Survivors who access it must often navigate a minefield of judges and lawyers who do not understand the realities of domestic violence and that the legal procedures prote... Read all",Jarvis Greiner,N/A,Documentary,9.8,15,1h 15m(75 min)
Patchwork Family,"Patchwork Family is a documentary showcasing a passion for life, music, and creation. The band consists of 12 musicians. The film delves into the lives of each band member, exploring their history, and gradually assembles the individual pieces of the patchwork family that form the Galway Street Club band. Like a blanket, their music envelops listeners in a blend of me... Read all",Sara Sulej,"Connell Johnny Irvine, Paul Pauly McDonagh, Laura Corcoran, James Dillion, Spud Kennedy","Documentary, Music",9.8,9,56m
The Spirit of Tatá,"At 103, Amazonian shaman Tatá Yawanawá revived his tribe's spirituality after near extinction. ""The Spirit of Tatá"" follows his final days, sharing sacred wisdom and urging us to save Indigenous cultures before they're lost forever.",Jim Whitney,N/A,Documentary,9.8,7,1h 25m(85 min)
Forever Endeavor,"A lighthearted look at life's heavy questions. Co-director and historian Jonathan Mann guides us during this documentary on a thoughtful and whimsical journey as he asks, ""What's the point of it all?"" while searching for meaning in the face of the inevitable.",Jonathan Mann,"Jim Lovell, Marc Mellon, Robert Osborne, Tom Wolfe",Documentary,9.8,6,1h 15m(75 min)
"Islande, Sur les Traces de la Démocratie","In October 2008, Iceland's financial crisis led to the 'Pots and Pans Revolution,' inspiring a new Constitution through participatory democracy, highlighting citizens' efforts for reform.",Steve Vilhem,N/A,Documentary,9.8,15,N/A
Gumti,"Young Kashi abandons his village's traditions, moving to Solapur for a hotel job. But a crisis forces his return, leaving him torn between reviving the sacred Gumti celebrations or letting them die out.",Sandesh Shetty Ajri,"Sandesh Shetty Ajri, Vishnavi Nadig, Ranjan Chatrapati, Karan Kunder, Yash Acharya","Kannada, Drama",9.8,112,N/A
Indie Deal,"Gambler Tyrone borrows from gangsters, his wife dies in confrontation. He escapes, moves towns but past catches up in sequel where he seeks redemption, overcoming challenges from previous decisions.",Perry T Peters,"Perry T Peters, Warren Upchurch, Derrick Ballard Jr., Boston Cheez, Swoe Da Poet",Drama,9.8,9,N/A
Siege at Nune High,"After everyone else has left for the weekend, detention and science club students find themselves trapped together, and when an internet hate group lays siege to the school it forces the unlikely allies to unite in order to survive.",Andy Buchan,"Casper Slater, Cassidy Buchan, Amy Whitehall Sands, Aiden Follet, Tilly Gardener",N/A,9.8,16,1h 15m(75 min)
It's A to Z: The Art of Arleen Schloss,"It's A to Z: The ART OF ARLEEN SCHLOSS is a feature-length documentary about Arleen Schloss, an underground artist, director, and curator who became an influential figure in the downtown New York art scene from the 1970s through the 1990s It's A to Z: The ART OF ARLEEN SCHLOSS explores Schloss's creative work and evolution and how it changed over time. A highly origi... Read all",Stuart Ginsberg,"Victor Acevedo, Judy Alvarez, Winnie Berrios, Eric Bogosian, Glenn Branca",Documentary,9.8,9,1h 3m(63 min)
The Dirty Gerund Poetry Show,A concert film documenting The Dirty Gerund Poetry Show.,Manuel Alvarado,Nicole Jean Turner,Documentary,9.8,12,N/A
Nirjhor,"In a world where we only care about stability, why do we keep putting up with injustice. Apolitical is a myth, rise and have an opinion.",Akash Sananda,"Sreeparna, Nabamita, Sagnika, Drishti, Sharmistha","Bengali, Drama",9.8,17,N/A
Bastards of Soul,"In the limelight of imminent global fame, a Texas band's journey is marked by the unforeseen loss of their charismatic frontman, Chadwick Murray. This documentary captures the raw essence of their final album sessions and the electrifying stage presence that defined them, celebrating the enduring legacy of a man who achieved his dreams against all odds.",Paul Levatino,"Danny Balis, Bastards of Soul, Eugene Cantera, Peter Clagett, Jason Davis","Documentary, Music",9.7,6,1h 20m(80 min)
Tears of Blood,A knight and a priest investigate the disappearance of a young girl and the masked cult responsible.,Joshua Clay,"Jörg Artmann, Marc Burrichter, Jürgen Buscher, Joshua Clay, Viviane Clay","History, Mystery",9.7,8,1h 28m(88 min)
Romeo and Benvolio,"While rehearsing for a school production of Shakespeare's tragedy, Romeo and Juliet, Charlie, Amanda and Sophia, unexpectedly steer through their own comedy of errors.",Anna Ma,"Soren Corbett, Jackson Davis, Qiming Fu, Virginia Gearhart, Holly Heiberg","Comedy, Drama, Family",9.7,31,1h 20m(80 min)
American Dirge,"""American Dirge"" is a cathartic journey of a man traveling through two battered souls - the American back country and his own.",Joerg Steineck,"Joshua D. Sanchez, Chris Cockrell, Caspar Vondj","Documentary, Drama, Mystery",9.7,6,1h 21m(81 min)
Paradise,"Jenny is a typical teen with a difficult home life. One night while sleeping she is transported to an empty void where she finds herself on trial, an angel and demon making cases for her soul.",Anthony Penney,"Avaryana Rose, Kylee Levien, Makenzie Raine, Mark Williams, Hunter Paige","Comedy, Drama",9.7,7,1h 20m(80 min)
Exclusion: Beyond the Silence,"Two granddaughters explore the legacy of their grandmothers-resilient women who championed family reunification, rooted the Chinese Canadian community, and paved the way for multiculturalism in Canada.",Keira Loughran,"Helen Lee, Keira Loughran, Jean Lumb",Documentary,9.7,20,1h 28m(88 min)
Free as a Bird,"A Mumbai family's beach outing for their anniversary takes an unfortunate turn when they get caught up in a police operation. Attempting bribery only worsens their predicament, jeopardizing their dreams of a better future.",Aditya Khude,"Varsha Dandale, Siddharth Menon, Parna Pethe, Ashish Vidyarthi, Shrikant Yadav","Hindi, Drama",9.7,7,16m
Baldy for the Blind,"The story of 11 blind hikers attempting to summit Mt. Baldy (10,068 ft)",Drea Castro,"Joanne Marie 'Jojo' Ronquillo, Demetrius Johnson, Melissa Varela Hudson, Odet Nasseri, Tyrone Tagle",Documentary,9.7,54,1h 18m(78 min)
Lorii,The affection between mother and daughter with strong social messages like government development programs like literacy and awareness towards certain social issues..,Rajiv Krishna Revndkar,"Abhilasha Gaira, Shaan Kakkar, Aviinash Kavathankar, Pankti Patel, Pratibha Shimpi","Hindi, Drama, Thriller",9.7,9,N/A
Dheera Samrat,"A family that connects through the habitual greed, witchcraft and vengeance of the upright.",Pavan Kumar,"Adhvithi Shetty, Rakesh Biradar, Sankalp Patil, Yathiraj, Harish Arasu","Crime, Thriller",9.7,101,2h 3m(123 min)
"Missing, Presumed","Tod and Jenny Slaughter accidentally killed someone. To cover it up, they kill again. And again. And again. Eventually, they realize they'll have to wipe out the entire village if they're to get away with it.",Edward Woolford,"Maureen Casey, Paul Cooper, Deirdre Forrest, Mufrida Hayes, John Saxon",N/A,9.7,15,1h 11m(71 min)
Rising Up,"In a world dealing with a changing climate and a degrading ocean, particularly impacting young people, 23-year-old young Australian change maker, United Nations delegate and Take 3 For the Sea ambassador Kal Glanznig goes on a journey across the world to uncover the untold stories of hope and solutions to the climate and ocean plastic crisis. With a strong optimistic ... Read all",Kal Glanznig,"Pete Ceglinksi, Lottie Dalziel, Michael Elias, Sam Fricker, Kal Glanznig",Documentary,9.7,8,51m
Artifact War,"An archaeology professor and his students go undercover to stop ISIS from trafficking Syrian antiquities, only to uncover a web of terror, corporate corruption, and the sale of illegal artifacts in the most shocking places.",Evan Michael Carpenter,"Amr Al-Azm, Katie Paul, Arian Mohajer, Ben Buehler, Seth Mergist",Documentary,9.7,7,N/A
Weirdo: The Story of Five Eight,"After being institutionalized for schizophrenia and manic-depression in his early 20s, Mike Mantione turned to songwriting as a way of dealing with his demons. For 30 years, loud guitars have kept those demons at bay.",Marc Pilvinsky,"Mike Mantione, Dan Horowitz, Patrick Ferguson, Sean Dunn, Mike Rizzi",Documentary,9.7,9,1h 43m(103 min)
What is Art?,A symphonic collection of abstract performative pieces that explore the human experience and challenge the ideals of moving visual art.,Justyn Bell,"Jessica Aldrich, Josef Bell, Justyn Bell, Amy Chou, George W. Craig",Drama,9.7,11,1h(60 min)
Furiosa: A Mad Max Saga,"After being snatched from the Green Place of Many Mothers, while the tyrants Dementus and Immortan Joe fight for power and control, the young Furiosa must survive many trials as she puts together the means to find her way home.",George Miller,"Anya Taylor-Joy, Chris Hemsworth, Tom Burke, Alyla Browne, George Shevtsov","Action Epic, Adventure Epic, Car Action",7.5,306K,2h 28m(148 min)
The Fall Guy,"A stuntman, fresh off an almost career-ending accident, has to track down a missing movie star, solve a conspiracy and try to win back the love of his life while still doing his day job.",David Leitch,"Ryan Gosling, Emily Blunt, Aaron Taylor-Johnson, Hannah Waddingham, Teresa Palmer","Romantic Comedy, Showbiz Drama, Action",6.8,238K,2h 6m(126 min)
Inside Out 2,"A sequel that features Riley entering puberty and experiencing brand new, more complex emotions as a result. As Riley tries to adapt to her teenage years, her old emotions try to adapt to the possibility of being replaced.",Kelsey Mann,"Amy Poehler, Maya Hawke, Kensington Tallman, Liza Lapira, Tony Hale","Coming-of-Age, Computer Animation, Psychological Drama",7.5,234K,1h 36m(96 min)
Twisters,"Kate Carter, a retired tornado-chaser and meteorologist, is persuaded to return to Oklahoma to work with a new team and new technologies.",Lee Isaac Chung,"Daisy Edgar-Jones, Glen Powell, Anthony Ramos, Brandon Perea, Maura Tierney","Disaster, Action, Adventure",6.5,185K,2h 2m(122 min)
Carry-On,A mysterious traveler blackmails a young TSA agent into letting a dangerous package slip through security and onto a Christmas Eve flight.,Jaume Collet-Serra,"Taron Egerton, Jason Bateman, Sofia Carson, Danielle Deadwyler, Theo Rossi","Conspiracy Thriller, One-Person Army Action, Action",6.5,182K,1h 59m(119 min)
Joker: Folie à Deux,"Struggling with his dual identity, failed comedian Arthur Fleck meets the love of his life, Harley Quinn, while incarcerated at Arkham State Hospital.",Todd Phillips,"Joaquin Phoenix, Lady Gaga, Brendan Gleeson, Catherine Keener, Zazie Beetz","Jukebox Musical, Prison Drama, Psychological Drama",5.2,173K,2h 18m(138 min)
The Beekeeper,A former operative of a powerful organization embarks on a brutal campaign for vengeance.,David Ayer,"Jason Statham, Emmy Raver-Lampman, Bobby Naderi, Josh Hutcherson, Jeremy Irons","Conspiracy Thriller, One-Person Army Action, Political Thriller",6.3,171K,1h 45m(105 min)
A Quiet Place: Day One,A young woman named Sam finds herself trapped in New York City during the early stages of an invasion by alien creatures with ultra-sensitive hearing.,Michael Sarnoski,"Lupita Nyong'o, Joseph Quinn, Alex Wolff, Djimon Hounsou, Eliane Umuhire","Alien Invasion, Monster Horror, Drama",6.3,163K,1h 39m(99 min)
Kingdom of the Planet of the Apes,"Many years after the reign of Caesar, a young ape goes on a journey that will lead him to question everything he's been taught about the past and make choices that will define a future for apes and humans alike.",Wes Ball,"Owen Teague, Freya Allan, Kevin Durand, Peter Macon, William H. Macy","Dystopian Sci-Fi, Sci-Fi Epic, Action",6.8,162K,2h 25m(145 min)
Red One,"After Santa Claus is kidnapped, the North Pole's Head of Security must team up with a notorious hacker in a globe-trotting, action-packed mission to save Christmas.",Jake Kasdan,"Dwayne Johnson, Chris Evans, Lucy Liu, J.K. Simmons, Bonnie Hunt","Dark Fantasy, Holiday Comedy, Action",6.2,145K,2h 3m(123 min)
Venom: The Last Dance,Eddie Brock and Venom must make a devastating decision as they're pursued by a mysterious military man and alien monsters from Venom's home world.,Kelly Marcel,"Tom Hardy, Chiwetel Ejiofor, Juno Temple, Rhys Ifans, Stephen Graham","Alien Invasion, Kaiju, Road Trip",6.0,143K,1h 50m(110 min)
Godzilla x Kong: The New Empire,"Two ancient titans, Godzilla and Kong, clash in an epic battle as humans unravel their intertwined origins and connection to Skull Island's mysteries.",Adam Wingard,"Rebecca Hall, Brian Tyree Henry, Dan Stevens, Kaylee Hottle, Alex Ferns","Action Epic, Dinosaur Adventure, Disaster",6.0,129K,1h 55m(115 min)
I'm Still Here,A woman married to a former politician during the military dictatorship in Brazil is forced to reinvent herself and chart a new course for her family after a violent and arbitrary act.,Walter Salles,"Fernanda Torres, Fernanda Montenegro, Selton Mello, Valentina Herszage, Maria Manoella","Portuguese, Docudrama, Period Drama",8.1,122K,2h 17m(137 min)
Moana 2,"After receiving an unexpected call from her wayfinding ancestors, Moana must journey to the far seas of Oceania and into dangerous, long-lost waters for an adventure unlike anything she's ever faced.",David G. Derrick Jr.,"Auli'i Cravalho, Dwayne Johnson, Hualalai Chung, Rose Matafeo, David Fane","Computer Animation, Sea Adventure, Adventure",6.4,117K,1h 40m(100 min)
A Real Pain,"Mismatched cousins reunite for a tour through Poland to honor their beloved grandmother, but their old tensions resurface against the backdrop of their family history.",Jesse Eisenberg,"Kieran Culkin, Jesse Eisenberg, Olha Bosova, Banner Eisenberg, Jakub Gasowski","Buddy Comedy, Comedy, Drama",7.0,116K,1h 30m(90 min)
Juror #2,"While serving as a juror in a high-profile murder trial, a family man finds himself struggling with a serious moral dilemma, one he could use to sway the jury verdict and potentially convict or free the wrong killer.",Clint Eastwood,"Nicholas Hoult, Zoey Deutch, Megan Mieduch, Toni Collette, Melanie Harrison","Legal Drama, Legal Thriller, Whodunnit",7.0,116K,1h 54m(114 min)
Damsel,"A dutiful damsel agrees to marry a handsome prince, only to find the royal family has recruited her as a sacrifice to repay an ancient debt.",Juan Carlos Fresnadillo,"Millie Bobby Brown, Ray Winstone, Angela Bassett, Brooke Carter, Nick Robinson","Dark Fantasy, Fairy Tale, Survival",6.1,114K,1h 50m(110 min)
Bad Boys: Ride or Die,"When their late police captain gets linked to drug cartels, wisecracking Miami cops Mike Lowrey and Marcus Burnett embark on a dangerous mission to clear his name.",Adil El Arbi,"Will Smith, Martin Lawrence, Vanessa Hudgens, Alexander Ludwig, Paola Núñez","Action Epic, Buddy Comedy, Buddy Cop",6.5,107K,1h 55m(115 min)
Abigail,"After a group of criminals kidnap the ballerina daughter of a powerful underworld figure, they retreat to an isolated mansion, unaware that they're locked inside with no normal little girl.",Matt Bettinelli-Olpin,"Melissa Barrera, Dan Stevens, Alisha Weir, William Catlett, Kathryn Newton","Dark Comedy, Monster Horror, Splatter Horror",6.5,106K,1h 49m(109 min)
Ghostbusters: Frozen Empire,"When the discovery of an ancient artifact unleashes an evil force, Ghostbusters new and old must join forces to protect their home and save the world from a second ice age.",Gil Kenan,"Paul Rudd, Carrie Coon, Finn Wolfhard, Mckenna Grace, Kumail Nanjiani","Supernatural Fantasy, Adventure, Comedy",6.1,99K,1h 55m(115 min)
Rebel Ridge,A former Marine grapples his way through a web of small-town corruption when an attempt to post bail for his cousin escalates into a violent standoff with the local police chief.,Jeremy Saulnier,"Aaron Pierre, David Denman, Emory Cohen, Oscar Gale, AnnaSophia Robb","One-Person Army Action, Action, Crime",6.8,97K,2h 11m(131 min)
Monkey Man,An anonymous young man unleashes a campaign of vengeance against the corrupt leaders who murdered his mother and continue to systematically victimize the poor and powerless.,Dev Patel,"Dev Patel, Pitobash, Jatin Malik, Sikandar Kher, Sobhita Dhulipala","Action Epic, Martial Arts, One-Person Army Action",6.8,97K,2h 1m(121 min)
Argylle,A reclusive author who writes espionage novels about a secret agent and a global spy syndicate realizes that the plot of the new book she's writing starts to mirror real-world events in real time.,Matthew Vaughn,"Henry Cavill, Daniel Singh, Dua Lipa, Ariana DeBose, Richard E. Grant","Spy, Action, Comedy",5.6,97K,2h 19m(139 min)
Wolfs,"Two rival fixers cross paths when they're both called in to help cover up a prominent New York official's misstep. Over one explosive night, they'll have to set aside their petty grievances and their egos to finish the job.",Jon Watts,"Amy Ryan, Austin Abrams, George Clooney, Brad Pitt, Donut McGunigle","Conspiracy Thriller, Gangster, Crime",6.5,95K,1h 48m(108 min)
Emilia Pérez,"It follows three remarkable women in Mexico, each pursuing their own happiness. Cartel leader Emilia enlists unappreciated lawyer Rita to help fake her death so that she can finally live authentically as her true self.",Jacques Audiard,"Zoe Saldaña, Karla Sofía Gascón, Selena Gomez, Adriana Paz, Edgar Ramírez","Spanish, Pop Musical, Crime",5.4,95K,2h 12m(132 min)
Despicable Me 4,"Gru, Lucy, Margo, Edith, and Agnes welcome a new member to the family, Gru Jr., who is intent on tormenting his dad. Gru faces a new nemesis in Maxime Le Mal and his girlfriend Valentina, and the family is forced to go on the run.",Patrick Delage,"Steve Carell, Pierre Coffin, Will Ferrell, Sofía Vergara, Chris Renaud","Computer Animation, Dark Comedy, Parody",6.2,73K,1h 34m(94 min)
Mufasa: The Lion King,"Mufasa, a cub lost and alone, meets a sympathetic lion named Taka, the heir to a royal bloodline. The chance meeting sets in motion an expansive journey of a group of misfits searching for their destiny.",Barry Jenkins,"Aaron Pierre, Kelvin Harrison Jr., Tiffany Boone, Kagiso Lediga, Preston Nyman","Animal Adventure, Computer Animation, Adventure",6.6,77K,1h 58m(118 min)
Sonic the Hedgehog 3,"Sonic, Knuckles, and Tails reunite against a powerful new adversary, Shadow, a mysterious villain with powers unlike anything they have faced before. With their abilities outmatched, Team Sonic must seek out an unlikely alliance.",Jeff Fowler,"Jim Carrey, Ben Schwartz, Keanu Reeves, Idris Elba, Colleen O'Shaughnessey","Animal Adventure, Fantasy Epic, Globetrotting Adventure",6.9,73K,1h 50m(110 min)
Kung Fu Panda 4,"After Po is tapped to become the Spiritual Leader of the Valley of Peace, he needs to find and train a new Dragon Warrior, while a wicked sorceress plans to re-summon all the master villains whom Po has vanquished to the spirit realm.",Mike Mitchell,"Jack Black, Awkwafina, Viola Davis, Dustin Hoffman, Bryan Cranston","Animal Adventure, Buddy Comedy, Computer Animation",6.3,75K,1h 34m(94 min)
It Ends with Us,"When a woman's first love suddenly reenters her life, her relationship with a charming, but abusive neurosurgeon is upended and she realizes she must learn to rely on her own strength to make an impossible choice for her future.",Justin Baldoni,"Blake Lively, Justin Baldoni, Jenny Slate, Brandon Sklenar, Hasan Minhaj","Drama, Romance",6.3,94K,2h 10m(130 min)
IF,A young girl who goes through a difficult experience begins to see everyone's imaginary friends who have been left behind as their real-life friends have grown up.,John Krasinski,"Cailey Fleming, Ryan Reynolds, John Krasinski, Fiona Shaw, Steve Carell","Computer Animation, High-Concept Comedy, Animation",6.4,62K,1h 44m(104 min)
Bob Marley: One Love,"The story of how reggae icon Bob Marley overcame adversity, and the journey behind his revolutionary music.",Reinaldo Marcus Green,"Kingsley Ben-Adir, Lashana Lynch, James Norton, Tosin Cole, Umi Myers","Docudrama, Biography, Drama",6.2,37K,1h 47m(107 min)
The Garfield Movie,"After Garfield's unexpected reunion with his long-lost father, ragged alley cat Vic, he and his canine friend Odie are forced from their perfectly pampered lives to join Vic on a risky heist.",Mark Dindal,"Chris Pratt, Samuel L. Jackson, Hannah Waddingham, Ving Rhames, Nicholas Hoult","Animal Adventure, Computer Animation, Farce",5.7,26K,1h 41m(101 min)
Mean Girls,"Cady Heron is a hit with the Plastics, an A-list girl clique at her new school. But everything changes when she makes the mistake of falling for Aaron Samuels, the ex-boyfriend of alpha Plastic Regina George.",Samantha Jayne,"Angourie Rice, Reneé Rapp, Auli'i Cravalho, Jaquel Spivey, Avantika","Pop Musical, Teen Comedy, Comedy",5.5,39K,1h 52m(112 min)
Transformers One,"The untold origin story of Optimus Prime and Megatron, better known as sworn enemies, but who once were friends bonded like brothers who changed the fate of Cybertron forever.",Josh Cooley,"Chris Hemsworth, Brian Tyree Henry, Scarlett Johansson, Keegan-Michael Key, Steve Buscemi","Action Epic, Adventure Epic, Computer Animation",7.6,59K,1h 44m(104 min)
Paddington in Peru,"Paddington returns to Peru to visit his beloved Aunt Lucy, who now resides at the Home for Retired Bears. With the Brown family in tow, a thrilling adventure ensues when a mystery plunges them into an unexpected journey.",Dougal Wilson,"Ben Whishaw, Imelda Staunton, Oliver Maltman, Joel Fry, Robbie Gee","Animal Adventure, Jungle Adventure, Adventure",6.6,31K,1h 46m(106 min)
The Best Christmas Pageant Ever,Nobody is ready for the mayhem and surprises that ensue when six of the worst youngsters disrupt the town's yearly Christmas performance.,Dallas Jenkins,"Stanlee Arches, Vanessa Benavente, Mariam Bernstein, Jenni Burke, Kamal Chioua","Adventure, Comedy, Drama",6.8,6.5K,1h 39m(99 min)
Night Swim,"A family moves into a new home, unaware that a dark secret from the house's past will unleash a malevolent force in the backyard pool.",Bryce McGuire,"Wyatt Russell, Kerry Condon, Amélie Hoeferle, Gavin Warren, Jodi Long","Supernatural Horror, Horror, Mystery",4.7,30K,1h 38m(98 min)
Reagan,"A drama based on the life of Ronald Reagan, from his childhood to his time in the oval office.",Sean McNamara,"Dennis Quaid, Penelope Ann Miller, Jon Voight, Mena Suvari, David Henrie","Docudrama, Political Drama, Biography",6.1,12K,2h 21m(141 min)
The Forge,"After graduating from high school without any plans for the future, Isaiah receives a push to start making better life decisions.",Alex Kendrick,"Cameron Arnett, Priscilla C. Shirer, Aspen Kennedy, Karen Abercrombie, T.C. Stallings","Coming-of-Age, Drama, Family",6.7,5.5K,2h 4m(124 min)
Horizon: An American Saga - Chapter 1,"Chronicles a multi-faceted, 15-year span of pre-and post-Civil War expansion and settlement of the American west.",Kevin Costner,"Kevin Costner, Sienna Miller, Sam Worthington, Jena Malone, Owen Crow Shoe","Epic, Western Epic, Drama",6.6,43K,3h 1m(181 min)
The Reserve,A forest ranger fights to protect the forest around her village from illegal logging. Filmed with non-professional actors it portrays the real-life struggles of environmental defenders across Latin America against deforestation.,Pablo Pérez Lombardini,Carolina Guzmán,"Spanish, Thriller",N/A,Top 5 Most Popular Indian Movies Each Year (2000-2025),1h 33m(93 min)
Light Up,A group of Black queer men and a trans woman in Atlanta discover their power through embracing their authentic selves.,Ryan Ashley Lowery,"Benjamin Carlton, Derek Johnson, Obio Jones, Ryan Ashley Lowery, Octavius Terry",Documentary,7.8,43,1h 32m(92 min)
Mama's Boy,"A controversial affair unfolds when a young man, Glen, manipulates his stepmother, Lorraine and her sister, Leilanie, to fall for him to exact revenge on his father, Mauro. But there is twist and Glen is in for life-shattering shock.",Piem Acero,"Sahara Bernales, Victor Relosa, Stephanie Raz, Josh Ivan Morales, Ada Hermosa",Drama,5.9,50,1h 16m(76 min)
X Files,"In the world there are thousands of mysteries still unsolved, the problem is when these mysteries become our greatest fears of our life. These stories awaken our worst nightmares.",Steve Garel,"Rois Rull, Kin Tammy","Spanish, Horror, Sci-Fi",2.7,84,1h 14m(74 min)
Believe Me or Not,"While walking in the woods, a group of teens encounter an old woman with a doll behaving strangely beside a lake. They take the doll from her, with devastating consequences.",Dr. Ollie,"Kia Bailey, Bailee Barnett, Emma Bass, Emma Bass, Timmy Byrnes",Horror,2.6,7,1h 30m(90 min)
The Place in Between,"A lawyer reunites with her estranged teen daughter after the girl's father dies. They travel Texas in an old Fairlane to scatter his ashes, confronting their past and finding connection through both tears and laughter.",Laura Perez,"Valerie Michelson, Paeka Campos, Rodrigo Lloreda, David Flannigan, Sarafina King",Drama,9.0,13,N/A
Up the Catalogue,"An ambitiously small film set in a fictional shopping channel by the name of 4QTV. Tasked with flogging an endless cycle of questionable products, star presenter, Hailey Cartin, is starting to fear she might be trapped in live television.",Alastair Siddons,"Jonathan Bailey, Ciara Baxendale, LJ Bennion, Shiloh Coke, Anastasia Hille","Comedy, Horror",8.2,15,1h 12m(72 min)
The Organist,"When an embittered vital organ broker meets a karmically challenged universal donor, the pair scheme to ethically distribute organs to those in need and escape the maw of a ruthless HR department.",Andy Burkitt,"Jack Braddy, Luke Fisher, George Goldfeder, Lena Moon, Garth Edwards","Comedy, Drama",5.8,6,1h 37m(97 min)
Sideways for Attention,"A Manhattan college senior with HIV grapples with her diagnosis, trauma, and future while her stepfather and a classmate reach out, until she uncovers a disturbing truth about another student.",Brady Bryson,"Courtney Campbell, Meg Bush, Ted Sutherland, Angel Desai, Shahjehan Khan",Drama,N/A,Top 5 Most Popular Indian Movies Each Year (2000-2025),1h 36m(96 min)
The Goat,"Forced to marry one of the elders in her Egyptian village, 12-year-old Hadiya escapes, traversing across the desert in search of her father, with her family goat, who soon begins talking to her with the voice of her late mother.",Ilaria Borrelli,"Mira Sorvino, John Savage, Amr Saad, Sayed Ragab, Maya Talem","Adventure, Thriller",5.7,396,1h 31m(91 min)
Little Wife,"In the late 1940s, a 15-year-old girl is concubine of an older master. She waits for her husband every day and falls in love with a student who sings in front of her house. Imagine her disappointment that his song is for a girl next door.",Kim Woo-Jin,"Myeong GyeNam, Lee Jihye, Kim JuYoung, Donghyun Kim","Korean, Comedy, Drama",5.0,10,1h 28m(88 min)
The President and the Dragon,"A former US President, ex-child soldiers, volunteers in remote villages, and an eclectic crew of public health veterans traverse bloody civil war and treacherous terrain to eradicate the largest parasite affecting humans.",Waleed Eltayeb,N/A,Documentary,9.0,10,1h 33m(93 min)
The Ritual,"When given the chance to reunite with her deceased father, college sophomore Maria joins a paranormal academic group led by Louis. However, their scientific venture unearths an ancient ritual in which the group is doomed to take part.",Hiroshi Katagiri,"Julianna Goldsmith, Jerry Campisi, Alex Whitehouse, Danté Belardinelli, Siena Solinda","B-Horror, Body Horror, Psychological Horror",3.8,37,1h 40m(100 min)
Schneewittchen,"Snow White declines the Prince's offer to witness the Evil Queen and the Hunter's intimate encounter, quipping she'd prefer to hear about it instead.",Stanley Schtinter,"Julie Christie, Stephen Dillane, Toby Jones, Stacy Martin, Hanns Zischler",Fantasy,5.1,15,1h 10m(70 min)
Corrosive,"Two young married couples rent a house on the outskirts of the city during a pandemic. What starts as harmonious cohabitation between the four friends, soon spirals into a vortex of jealousy, infidelity, deception, and violence. This gripping drama unravels the fragility of relationships under the strain of isolation, turning their sanctuary into a battleground for su... Read all",Alfredo Ureta,"Carolina Gonzalez, Barbara Menendez, Reytel Oro, Pedro Diaz","Spanish, Erotic Thriller, Psychological Thriller",7.2,27,1h 32m(92 min)
Sangre Joven,"The world has changed, the human and vampire races live together on a daily basis. The blood that vampires drink is artificial. They no longer go out hunting and their blood becomes precious because it preserves human life for much longer.",Rodolfo Palacios,"Abril Ortiz, Carlos Hinojosa, Aldo Lira, Laura Aldrete, Viridiana Bernal","Spanish, Horror",2.3,10,1h 10m(70 min)
The Vigil,"Set in a retreat house, ""The Vigil"" is about a group of young boys who are undergoing an initiation to be members of a secret organization whom their parents are part of -- a sort of rites of passage tradition. When they committed an unforgivable sin during the initiation, their punishment must be served with tragic consequences. They find themselves haunted, leading ... Read all",Adolfo Alix Jr.,"Will Ashley, Faye Lorenzo, Kimson Tan, Abed Green, Joaquin Manansala","Horror, Thriller",7.4,7,1h 37m(97 min)
How to Solve Your Own Murder,"Kate, a troubled young woman wakes up in a parallel dimension and assumes her double's identity in order to solve her attempted murder.",Barbara Toschi,"Kendal Olivia Barrett, Christian Blundell, Sophie Craig, Dan Dewhirst, Jay Flynn","Drama, Sci-Fi",4.0,161,1h 39m(99 min)
Christmas Overtime,An unemployed actress tries to run away from Christmas but is offered a commercial by a lonely ad executive if she can convince his Christmas-obsessed staff to finish an ad campaign on Christmas Eve.,Ann Deborah Fishman,"Meghan Carrasquillo, Laura Ault, Jadon Cal, Chris Moss, René Lavan","Comedy, Romance",5.4,37,1h 32m(92 min)
Christmas Slasher,"Murderous zombie reindeer Slasher and psychotic Mr. and Mrs. Claus terrorize friends vacationing in a cabin, targeting Alita Claus and her group during Christmas break. Alita must save her friends from the holiday horrors.",Destiny Soria,"Nicholas Brendon, Destiny Soria, Ryan McGivern, Tatiana Sokolova, Mathew LaSpina","Comedy, Horror",4.8,12,N/A
The Devil's Trap,A big city hospital is terrorized by a demonic presence.,Alexander Nistratov,"Michael Paré, Bruce Dern, Richard Grieco, Elissa Dowling, Cortney Palm","Horror, Thriller",6.7,19,1h 30m(90 min)
Lands End,"Barney Page, a professional skateboarder, embarks on a 900-mile journey in memory of his friend Ben Raemers, aiming to raise awareness about suicide and mental health through heartfelt conversations and the impact on skateboarding.",Ryan Sherman,"Jerry Hsu, Sam Mcallister, Sam McGuire, Mark Munson, Barney Page",Documentary,7.0,10,N/A
Honey Money Phony,"A working girl accidentally incurs a massive debt. She crosses paths with a con man. Amidst lies and deceit, they navigate a tumultuous journey, questioning their paths in life.",Biao Su,"Chen Jin, Sunny Sun, Xueqin Li, Hao Liu, Yan Liu","Mandarin, Comedy, Drama",6.2,261,1h 55m(115 min)
Poyyamozhi,"Jayson flees through a forest with Chachan as his guide. When Chachan's true vengeful motives emerge, Jayson confronts a startling revelation, ending with a gunshot in the woods.",Sudhi Anna,"Jaffer Idukki, Nathaniel Madathil, Meenakshi Anoop",Thriller,3.9,16,N/A
Tycoon,"In Miami, Natalie Boyle accepts an offer from Leroy Blake to surrender her decisions for a year in return for money, not realizing the cost.",Louis Leterrier,"Chelsea Tavares, Jon Fletcher, RJ Brown, Janmarco Santiago, Chris Marks",Drama,7.4,8,1h 29m(89 min)
My Redneck Neighbor: Chapter 2 - Let the Games Begin,"Crazy Asians and Redneck clans escalate their Pranks to a point of no return when Cat tries to boil Reddick's Pet Gerbil, in retaliation, the Reddicks roast Cat's chicken for lunch, lead to an all out War,Winner takes all Redneck Games",Cat Ling,"Cat Ling, Eric Roberts, Courtney Gains, Bai Ling, Eliza Roberts","Anime, Zombie Horror, Action",4.7,13,55m
Avaidh,"The story is based on the background of the arms artisans of Munger, which revolves around a character named Daya. A fictional character. Daya lives in a fictional village Called Barhad in Munger.",Niraj Randhir,"Manish Anand, Anjli Bharti, Saikat Chatterjee, Samarth Chaturvedi, Prem Dubey","Fantasy, Thriller",9.1,33,2h 44m(164 min)
The Blade Cuts Deeper,"Content has consequences in this Giallo-inspired, slasher movie.",Gene Dolders,"Vicki Avery, Lindsay Bennett-Thompson, Kev Carter, Peter Durr, Quentin J. Gray","Norwegian, Horror",9.1,10,N/A
Premeditated,"Jack Watson, a LAPD detective plagued by night terrors from his military service, faces low case clearance rates. His eccentric captain assigns him to a new detail as he grapples with personal struggles amidst the investigation.",Dan Garcia,"Travis Cure, Rayan Lawrence, Tyler Abron, Draya Michele, Ameer Baraka",Thriller,6.9,23,1h 35m(95 min)
The Weight,"A woman wakes chained in a remote cabin and escapes a man spiraling into hedonistic rituals-but as she struggles to survive, reality fractures, revealing a disturbing truth: she's not his victim, and he's not her captor.",Sallyanne Massimini,"Cameron Cuffe, Molly C. Quinn",Thriller,N/A,Top 5 Most Popular Indian Movies Each Year (2000-2025),N/A
Art of Diversion,"Brother and sister, Daphnis and Chloe Waterspoon are wealthy art collectors who live together in the New York City area. They share an ugly and brutal hobby-they lure unknowing people into sex and then murder them.",Gabriele Altobelli,"Deborah Twiss, John Leone, Alan Berman, Michael Medeiros, Emily Weider",Thriller,4.2,36,1h 28m(88 min)
Keep Breathing,"Two women, victims of the same rapist (now dead), begin to suspect another monster might be in their midst.",Ronald J. Wright,"Suzanne Celensu, Megan Paul, Darrell Palmer, Katie Mae Carden, Dan Wrigley",Thriller,3.9,19,1h 52m(112 min)
Honeydew,"Remote California mountain dwellers lived off illegal cannabis in the 1970s. 2016 legalization drew corporate farms, displacing local growers. Original settlers miss their past while new operators chase profits.",Marco Bergonzi,N/A,Documentary,6.3,17,1h 29m(89 min)
The Miner's Son,A Rock band struggles for success whilst getting duped by a rogue producer amid the miners strike of 1984.,Juliette Short,"Chris Wilson, Leona Clarke, David Easter, Jerry Anderson, Ryan Hill",Drama,5.8,37,1h 58m(118 min)
Dangerous Feelings,A young woman finds her entire world shaken up when an old flame walks back in her life after being released from prison and refuses to let her go.,LaQuita Langhorn,"Fatima L. Gray, Tee Harris, Nikki J, Mike Love, Dazarae Mathews",Romance,3.4,20,N/A
Karl Denke - the cannibal next-door,"Germany, Münsterberg 1924. The cannibal known as Karl Denke is getting arrested. After at least 31 murders, his final attempt on Vincent Oliver turns out to be his downfall. In his cell, he begins to imagine his upcoming interrogation.",Heintje Peter,"Rene Anlauff, Rolf Bach, Michael Ransburg",Drama,4.6,16,1h 46m(106 min)
The Hostage,"When two amateur drug dealers, Jeremy and Will sell to a buyer that screws them out of $10,000 they decide to kidnap his girlfriend that unbeknownst to them is possessed by a demon, Arooka, looking to bring on Armageddon.",Gino Alfonso,"Robert LaSardo, Sam Delossantos, Amanda Rabinowitz, Tamir Nemekhbayar, Arnold King","Crime, Horror, Thriller",4.2,24,1h 27m(87 min)
Burning Butterflies,"A Lovecraftian horror with jump-scare and gore elements, which will keep the audience to the edge of their seats with bated breath: it explores the uncertainty and absurdity of life unfolding a dark reality.",Shailik Bhaumik,"Saurav Das, Ritisha Ganguly, Sourav Chakraborty, Haldar Deboprasad, Debesh Roy Chowdhury","Folk Horror, Psychological Horror, Psychological Thriller",7.6,103,1h 43m(103 min)
Radiohead X Nosferatu: A Symphony of Horror,"A unique cinema experience combining F.W. Murnau's 1923 vampire classic with modern alternative rock music, exclusively for independent theaters and drive-ins.",Josh Frank,"Alexander Granach, Max Shreck, Gustav von Wangenheim",Horror,7.0,32,1h 30m(90 min)
Night Demon,"Harry and Charlie, seeking to escape a painful past, retreat to a secluded cabin deep in the woods, hoping to find peace and a fresh start. However, their getaway soon turns into a nightmare as they begin to experience unsettling visions and supernatural occurrences. As the spirits of the forest make their presence known, the pair uncovers a dark secret tied inexplica... Read all",Jhon Texis,"Miyagui Sanchez, Ulises Nava, Jhon Cruz","Spanish, Horror, Mystery",N/A,Mystery,1h(60 min)
Zombies: Christmas Apocalypse,"As winter rolls into a small Midwestern town, the locals get more than just snow. As the dead start to rise.",Hamid Torabpour,"Rhiannon Bayer, Toria Bayer, Emily Sue Bengtson, Raina Hein, Alex Hrdlicka",Horror,2.3,27,N/A
The Magic Penguin,"When a beloved talking penguin named Roi is kidnapped by a couple of criminals, his home country is thrown into a tailspin. The most trusted knight in the land and his young son must join forces to rescue their fine feathered friend",Stefano Milla,"Stewart Arnold, Joseph Beattie, Diego Casale, Michael Cervantes, Alis D'Amico",Family,3.2,36,1h 29m(89 min)
Finding Christmas,"On Christmas Eve, A disheartened teen takes a Wizard of Oz like journey back in time to learn the true meaning of Christmas, sacrifice and love.",Bridget Smith,"Shannan Wilson, Myles Clohessy, Brian Anthony Wilson, Robert Clohessy, Bridget White","Adventure, Family",5.4,18,N/A
Schism,"Nola Riggs , a young woman battling mental illness, uncovers sinister truths within the walls of a psychiatric facility. As her grasp on reality fractures, she's forced to confront the unsettling line between perception and madness.",Thor Moreno,"Jaiden Clark, Jordan Dobbins, Annette Duffy, Grant Gale, Cheyenne Goode",Thriller,6.4,8,1h 24m(84 min)
Monkey King Fight Lion Camel,"The four disciples of Sun Wukong arrive at the Lion Camel Ridge and encounter the Lion Monster, Elephant Monster, and Dapeng Monster. Tang Monk falls into the trap of the demon in order to influence it, but ends up with a flaw.",Yulong Guo,"En Jing, Lei Lei, Miao Xie","Action, Adventure, Fantasy",N/A,Top 5 Most Popular Indian Movies Each Year (2000-2025),1h 14m(74 min)
#AAY,"When a man comes home between covid lockdowns, he connects with old friends and falls for a woman who feels influenced by her caste, while finding love.",Kanchipally Anji Babu,"Mime Gopi, Narne Nithiin, Ankith Koyya, Nayan Sarika, Rajkumar Kasireddy","Telugu, Comedy",6.4,835,2h 22m(142 min)
#AMFAD: All My Friends Are Dead,"A group of college friends rent an Airbnb for the biggest music festival of the year. A weekend of partying quickly takes a turn, as the group is murdered one by one.",Marcus Dunstan,"Jade Pettyjohn, JoJo Siwa, Jennifer Ens, Ali Fumiko Whitney, Michaella Russell","Slasher Horror, Horror, Mystery",4.5,1.4K,1h 31m(91 min)
#FamilyMan,One man's world turns upside-down.,Romane Simon,"Raghuram Shetty, Isaac C. Singleton Jr., Lester Speight, Iyad Hajjaj, Aleix Maximus Bazzi","Tragedy, Drama",N/A,Top 5 Most Popular Indian Movies Each Year (2000-2025),2h 5m(125 min)
#Lifestories,"A collection of six shorts exploring the range of human emotions through diverse protagonists experiencing joy, solitude, guilt, and love's complexities.",Ujjwal Kashyap,"Satya Kethineedi, Deviyani Sharma, Rajasekhar Aningi, Raju Gollapalli, Pradeep Raparthi","Telugu, Drama",8.1,2K,1h 44m(104 min)
#MissingCouple,"A real #vanlife couple were on an adventure to renovate an abandoned farm in middle-of-nowhere Mississippi. Cameras blazing, they chronicled their project on social media. But the farm was full of disturbing surprises, especially at night.",Jacques Edeline,"Austin Jenkins, Janna Jenkins","Folk Horror, Found Footage Horror, Horror",5.3,967,1h 33m(93 min)
#OOTD: Outfit of the Designer,An Indonesian fashion designer studying in England finds her career compromised by an intoxicating love affair that challenges her dreams and values.,Dimas Anggara,"Rangga Nattra, Jihane Almira, Derby Romero, Asmara Abigail, Jolene Marie","Drama, Romance",5.7,53,1h 47m(107 min)
#RevolutionAnyone,"#RevolutionAnyone is a positive, incredibly timely documentary that says 'yes we can' change our society to better reflect the needs of all its citizens",Archie Lauchlan,N/A,Documentary,N/A,Top 5 Most Popular Indian Movies Each Year (2000-2025),1h 24m(84 min)
#Star,A Social media Influencer has attained all the fame she ever needed but her one mistake from the past comes to haunt her.,Manshendra Singh Kailey,"Garima Shevi, Suraj Kumar, Dimple Sharma, Krishan Rathee, Ayy Jay",Hindi,N/A,Top 5 Most Popular Indian Movies Each Year (2000-2025),N/A
#UNTRUTH: The Psychology of Trumpism,"Mental health experts analyze disinformation, false narratives, and untruths in American media and culture. It examines how profit-driven enablers and power-seeking politicians create divisions threatening democracy.",Dan Partland,"Imran Ahmed, Ruth Ben-Ghiat, George Conway, Brittany Friedman, John Gartner",Documentary,7.0,213,1h 30m(90 min)
#lovemyselfie,"When acclaimed Adele Swan discovers that her young lover has squandered all her savings and is sleeping with a millennial, she knows it's showtime.",Lika Berning,"Illse Roos, June van Merch, Joanie Combrink, Hélène Truter, Robyn Scott",Comedy,N/A,Top 5 Most Popular Indian Movies Each Year (2000-2025),N/A
'Descontrol',"A high school student's virtual reality gaming habit evolves into a life-altering struggle, pushing him to rock bottom. Through recovery, he finds a new purpose and dedicates his life to helping others balance technology use.",Jorge Garcia,"Renato Dominicci, Lini Figueroa, Edgardo Vazquez","Spanish, Action, Drama",N/A,Top 5 Most Popular Indian Movies Each Year (2000-2025),N/A
'O' by Cirque du Soleil in Shared Reality,"Experience ""O"" by Cirque du Soleil in the groundbreaking new format of Cosm Shared Reality. Cosm is blending the physical space with the digital world to bring you a deeply immersive Cirque du Soleil experience in a new communal format.",Philippe Safir,"John Abraham, Artur Akhtiamov, Viktoriia Aksenova, Yvette Baker, Ryan Bartlett",N/A,N/A,Top 5 Most Popular Indian Movies Each Year (2000-2025),N/A
(A)diexodos,Some teens trying to succeed in a world that has no way out,Iris Katsoula,N/A,Music,N/A,Music,N/A
(Pri)sons,"When an underground marketplace of illegal activities is besieged by an army of bloodthirsty assassins, a ragtag group of criminals must band together to fight for survival.",Esa Jussila,"Jarmo Ikola, Ari Savonen, Jere Saarela, Katriina Rajaniemi, Gareth Lawrence","Splatter Horror, Action, Crime",4.9,325,1h 40m(100 min)
"(Re)membering the riots in Afrikaanderwijk in 1972 or guest, host, ghos-ti","In 1972, the arrival of migrant workers led to riots in the Rotterdam neighborhood of Afrikaanderwijk. An explosion of violence ensued, accompanied by a hailstorm of stones and Molotov cocktails. As the current generation recount testimonials, the events are reconstructed and imbued with present-day significance. This effect is amplified through the use of a split scr... Read all",Cihad Caner,N/A,"Dutch, Documentary",N/A,Top 5 Most Popular Indian Movies Each Year (2000-2025),45m
(S)KiDS,"Set in 1993, this edgy punk rock opera follows a group of disaffected teens navigating their last year of high school as they uncover a dark truth about their Principal.",Les Solis,"Michael Corr, Michele Garceau, Will Letos, Cameron Lovell, James Priestner","Adult Animation, Hand-Drawn Animation, Animation",8.0,172,1h 25m(85 min)
(Un)lucky Sisters,"After their father's death, estranged sisters stumble upon his hidden fortune, forcing them to decide whether to keep the money or do the right thing.",Fabiana Tiscornia,"Sofía Morandi, Leticia Siciliani, Andrea Garrote, Mariano Saborido, Lorena Vega","Spanish, Comedy",5.2,923,1h 22m(82 min)
*YES I DO*,"Jude, a young groom of Miss Vera Raphael was abducted by his ex-girlfriend Miss Alicia Jones, made to believe his dead. Vera has to pass through a hard test and trial of love to get her man back.",Ubong Inyang,"Jayleen Ayala, Stephen Caruso, Hunter Compton, Autumn Dickson, Carolyn Fagerholm",Romance,N/A,Top 5 Most Popular Indian Movies Each Year (2000-2025),N/A
...and Juliet,"The film's author runs audition for a film after Shakespeare's Romeo and Juliet. Three female actors come to try for ""Juliet"". What if Romeo and Juliet luckily survived? Would they have been happy together? This question is answered by yet another audition. The audition is over. A feature film ""Romeo and Juliet"" transforms into ""...and Juliet"" docufiction.",Anar Azimov,"Victoria Lugovtsova, Katya Molchanova, Sofia Stelmakh, Tata Taranyuk","Russian, Documentary",N/A,STREAMING,N/A
.ask,"Chris Vander Kaay, a YouTuber in his mid-40s, takes a mysterious coach's advice to be brutally honest with his audience. His channel and life improve, but unforeseen darker consequences soon begin to unfold.",Chris VanderKaay,"Chris VanderKaay, Dana Shea Cirelli, Steven Espinoza, Darlene Fernandez, Kathleen Killian Fernandez","Found Footage Horror, Horror",6.2,111,1h 29m(89 min)
/Complication,I made this with the purpose of taking pictures packed with realistic art and lighting.,Ende,N/A,N/A,N/A,Related lists created by IMDb editors,N/A
0000 Kilometre,A phone call to Izmir while she and Ege are living together in France turns their lives upside down. The caller claims to be Izmir's recently deceased mother.,Deniz Enyüksek,"Ahmet Haktan Zavlak, Derya Pinar Ak, Oya Ilogullari","Turkish, Romance",3.0,364,1h 50m(110 min)
00:00 Absurdo Error Andinista,"Jorge, a mountaineer, suffered a fall. He uses a stroller and two crutches to walk. At home, he looks through the window and calls friends and neighbors. Domitila, the cook, talks to him. He struggles with tasks. Healed, he quits climbing.",Jorge Luis Villacorta Santamato,"Fiorella Margot Vílchez Espinoza, Jorge Luis Villacorta Santamato","Spanish, Comedy",N/A,Top 5 Most Popular Indian Movies Each Year (2000-2025),1h 4m(64 min)
01,"Nanos Valaoritis is reflected in the cinematographic lens, weaving personal memory into space and time.",Dimitris Mouzakitis,"Nanos Valaoritis, Marie Wilson","Greek, Documentary",N/A,Top 5 Most Popular Indian Movies Each Year (2000-2025),1h 40m(100 min)
01 Redux,"01 is an experimental documentary about the new possibilities of the digital camera and a train journey from Sant Celoni to Barcelona early in the morning on a Thursday of October 21, 2004.",Carles Asensio,Carles Asensio,Documentary,N/A,Top 5 Most Popular Indian Movies Each Year (2000-2025),52m
07.03,"Cursed with infertility, a couple must break the curse however they can in order to save their marriage.",Best Okoduwa,"Zikky Alloy, Fred Amata, Amara Anabaranze, Ada Bello, Blossom Chukwujekwu",Drama,8.2,6,N/A
1 Bad Azz Day,The day goes from bad to worse for a young delivery driver. As he tries to navigate life in the southern Alabama city of Mobile.,Jakari Reed,N/A,Comedy,3.9,17,N/A
1 Million Followers,A small-town girl who is invited by a popular influencer to a mansion in Thailand where the beautiful mingle as they build Karissa up to a million followers. Things take a dark turn when they discover who the sponsor behind this event is.,Harvey Lowry,"Shelley Q., Evan Williams, Henry Ian Cusick, Ryan Jamaal Swain, Jade Ma",Thriller,4.5,919,1h 41m(101 min)
1 Princess Street,It's rather easy to love a person far from home when compared to that person living near to where you live. Our story is set in the crowded suburbs of Mattancherry where two families rent the same house.,Zimayon,"Harisree Ashokan, Roshan Chandra, Jolly Chirayath, Kalabhavan Haneef, Archana Kavi",Malayalam,N/A,Malayalam,N/A
1-800-on-Her-Own,Brilliant singer-songwriter Ani DiFranco balances her passion for creating music with raising children. An intimate glimpse into her unique artistry and modern family life.,Dana Flor,Ani DiFranco,"Documentary, Drama",7.4,23,1h 17m(77 min)
10 Days of a Curious Man,"When a young woman goes missing in Istanbul, a jaded writer gets tangled up in a deadly chain of events as he sets out to find her and a good story.",Uluç Bayraktar,"Nejat Isler, Riza Kocaoglu, Kadir Çermik, Ilayda Akdogan, Senay Gürler","Turkish, Psychological Thriller, Crime",5.7,1.5K,1h 50m(110 min)
10 Lives,"A pampered cat takes for granted the lucky hand he has been dealt after he is rescued and loved by Rose, a kind-hearted and passionate student. When he loses his ninth life, fate steps in to set him on a transformative journey.",Christopher Jenkins,"Mo Gilligan, Simone Ashley, Sophie Okonedo, Zayn Malik, Dylan Llewellyn","Animal Adventure, Isekai, Animation",6.0,2.3K,1h 28m(88 min)
10 Pasimatymu,"Justelis is a young, good-looking, friendly IT professional who, after drinking too much alcohol at the company Christmas party, accidentally spills his heart to one of his best friends and reveals his deepest secret - he's still a virgin.",Robertas Kuliunas,"Linas Barauskas, Tekle Baroti, Mantas Bendzius, Justina Bieksaite, Deividas Breive","Comedy, Romance",5.7,36,1h 39m(99 min)
10 Things about Sally,Sally feels disconnected from life until she is convinced by her psychiatrist and her friends that dating is the answer.,Antonio Martinez,"Ell, Markina Brown, Jake Ellsworth, Tavish Grade, Yarett Harper","Comedy, Romance",N/A,Top 5 Most Popular Indian Movies Each Year (2000-2025),1h 20m(80 min)
10 Years A Dog,A movie star dog suddenly dies leaving his dog handler to deal with the aftermath.,Matthew J Brewer,"Jessica Trainham, Audrey Linden, Evan Allen-Gessesse, Natalia Borowsky, Lauren Waites","Comedy, Drama",N/A,Top 5 Most Popular Indian Movies Each Year (2000-2025),1h 30m(90 min)
100 Crores,"When Sundarlal finds out about an IT Raid on his properties, he hides 100 Crores in his bungalow. But when he can't find the money and dies in shock. Where did the money go? Was is stolen?",Virat Chakravarthy,"Rahul Haridas, Sakshi Chaudhary, Bhadram, Chetan Kumar, Sharath Lohitashwa","Telugu, Action",5.2,4.1K,N/A
L'Afrique aux Portes de Paris,"In the busy streets and outskirts of Parisian highways, a particular group struggles to survive day by day: African migrants who resort to begging as a means of subsistence.",Kossangue Lassa Lamassi Axel,N/A,Documentary,N/A,Top 5 Most Popular Indian Movies Each Year (2000-2025),23h 20m(1400 min)
exergue - on documenta 14,"Adam Szymczyk and curators prepare for documenta 14 over 2 years. They scout locations, select artists, install works, and organize events for the exhibition in Athens and Kassel.",Dimitris Athyridis,Adam Szymczyk,"German, Documentary",5.6,30,14h(840 min)
Ulysses,"Ruslyk, the president's personal film director, tries to save the world while battling mental illness. During his one-day odyssey through the city of Minsk he encounters doctors, politicians, propagandists, artists, drunks and lowlifes.",Nikita Lavretski,Ruslan Zgolich,"Russian, Documentary",9.2,8,9h 47m(587 min)
Schmuck Amuck,"A frustrated performer battles to deliver the monologue of his life, but each take unravels under the weight of self-doubt, surreal inconsistencies, and the quiet interference of a metaphysical force pulling the strings behind the scenes.",Nathan Robert Blackburn,N/A,Comedy,N/A,Top 5 Most Popular Indian Movies Each Year (2000-2025),7h(420 min)
Interviews with Abdelkrim Baba Aïssa,"In 2024, Abdelkrim Baba Aissa, aged 75, engages in a series of filmed interviews with Algerian journalist Thoria Smati. They address the chronology of the rich and committed career of this self-taught Algerian actor, director, producer and screenwriter, who made his debut on Algerian television as an assistant director then at ONCIC as a director in the years 70. The ... Read all",Thoria Smati,"Abdelkrim Baba Aissa, Thoria Smati","French, Biography, Documentary",N/A,Top 5 Most Popular Indian Movies Each Year (2000-2025),6h 14m(374 min)
In Search of Darkness 1990-1994: A Journey Into Iconic '90s Horror,"Film icons and genre experts share observations, experiences and analysis to help reframe, deconstruct and re-contextualize the ""lost"" decade of horror: the '90s.",David A. Weiner,"Mike Flanagan, John Carpenter, Clancy Brown, Heather Langenkamp, David Dastmalchian","Documentary, History, Horror",7.9,196,6h 3m(363 min)
Traces of Responsibility,"In the 1994 Genocide Against the Tutsi in Rwanda, almost one million people were killed within 100 days. Mostly massacred with machetes. Incited by war propaganda from politicians and the media. In this road movie with interactive junctions, we embark on a journey through the Rwanda of today following the footsteps of a former minister and convicted war criminal who s... Read all",Jann Anderegg,N/A,Documentary,N/A,Top 5 Most Popular Indian Movies Each Year (2000-2025),6h(360 min)
Queensland Votes,Jessica van Vonderen and David Speers are joined by ABC Chief Election Analyst Antony Green and state political reporter Rachel Stewart to bring you Election Night Coverage as Queensland Votes.,Stars,"Tony Barry, Cameron Dick, Antony Green, David Janetzki, Susan McDonald",News,N/A,Top 5 Most Popular Indian Movies Each Year (2000-2025),5h 29m(329 min)
My Undesirable Friends: Part I - Last Air in Moscow,"Julia Loktev documents independent journalists in Moscow facing government crackdown as Russia invades Ukraine, capturing their fight for speech amid risks of being branded ""foreign agents"" and the country's drift towards authoritarianism.",Julia Loktev,"Olga Churakova, Irina Dolinina, Sonya Groysman, Elena Kostyuchenko, Alesya Marokhovskaya","Russian, Documentary",7.9,37,5h 24m(324 min)
Sleep,"A thought-provoking sequel to Juha Lilja's original avantgarde masterpiece explores the flip side of digital existence. In a more than 5-hour cinematic odyssey, Lilja stays 'awake,' immersed in the hypnotic glow of his mobile phone.",Juha Lilja,Juha Lilja,Drama,N/A,Top 5 Most Popular Indian Movies Each Year (2000-2025),5h 21m(321 min)
Snow White's Storytime: The Wishing-Stone Stories,"Snow White and the Fairytale Fun Force gather around the fire to tell bedtime stories. This time, the magical friends read a classic fairytale about an incredible wishing stone.",Sandy Lynn Smith,"Simon Hill, Katabelle, Kelsey Painter, John Thompson","Animation, Family",N/A,Top 5 Most Popular Indian Movies Each Year (2000-2025),4h 56m(296 min)
Doc of Chucky,"The ultimate account of the Child's Play film franchise. With contributions from cast, crew, and more, experience the story that proves you can't keep a good guy down in a series of films that have created an icon.",Thommy Hutson,"Alexis Arquette, Joyce Arrastia, Howard Berger, Danielle Bisutti, Randy Bricker",Documentary,7.6,363,4h 55m(295 min)
From Island to Island,"During World War II, Taiwan was under Japanese rule. This film aims to reveal the hidden memories of the war in Taiwan and Southeast Asia, explores the experiences of Taiwanese soldiers and civilians living under Japanese colonisation..",Kek Huat Lau,"Chao-Yang Wang, Po-Yun Yu","Mandarin, Documentary",8.3,28,4h 50m(290 min)
Aliens Expanded,An in-depth and innovative documentary that explores the story behind James Cameron's beloved sci-fi epic Aliens (1986) and its incredible impact.,Ian Nathan,"James Cameron, William Hope, Lance Henriksen, Jaime Prater, Robert Skotak",Documentary,8.1,717,4h 42m(282 min)
Castration Movie Anthology I: Traps,Trans sex worker Michaela mentors her newly-out friend Adeline while pursuing motherhood in Vancouver. Production assistant Turner slides toward inceldom as his relationship falls apart.,Louise Weard,"Louise Weard, Aoife Josie Clements, Vera Drew, Alice Maio Mackay, Cricket Arrison",Drama,8.0,73,4h 35m(275 min)
Ateez World Tour: Towards the Light - Will to Power,"Ateez's kicks off their world tour, Towards the Light - Will to Power, in Seoul in January 2024.",Oh Yoon-dong,Ateez,"Japanese, Documentary, Music",9.0,64,4h 28m(268 min)
Dragen og de 5 elementer,"Fiona and her friend Elizabeth disappear in the forest and are found by the Dragon Queen and taken to her mountain, while Roxxi notices their absence and sets off in search of Elizabeth and Fiona. Ronya and Antonia support Roxxi",Mille V. Iversen,"Abigail Finch, Anastasia Rose, July Finch, Thaïs Morel, Ida N. Carlsen",Fantasy,N/A,Top 5 Most Popular Indian Movies Each Year (2000-2025),4h 20m(260 min)
The Pop Out: Ken & Friends,"Celebrate an incredible performance from Kendrick Lamar and special guests. Live on Juneteenth, 2024 from the historic Los Angeles Forum in Inglewood, CA.",Mike Carson,"Ty Dolla $ign, Ab-Soul, Blxst, Tommy the Clown, Tyler the Creator",Music,8.8,153,4h 17m(257 min)
Lajjpal,"A compelling narrative following the journey of an ordinary individual seeking divine empowerment to combat the malevolence of evil forces. Fueled by a deep sense of purpose, our protagonist embarks on a transformed quest,",Harsh Gogi,"Paramjit Mehra, Tajwinder Chouhan, Sarabjit Jeetan, Sarwan Hans, Jyotika Chouhan","Punjabi, Adventure",9.0,8,4h 12m(252 min)
Phantosmia,"Hilarion Zabala has a mysterious, recurring olfactory problem. A counselor/psychiatrist suspects a lingering case of phantosmia, a phantom smell, and possibly caused by a deep psychological fracture. One recommended radical cure is that Hilarion must go back and deal with the darkest currents of his past life in the military service. Reassigned in the very remote Pulo... Read all",Lav Diaz,"Ronnie Lazaro, Janine Gutierrez, Hazel Orencio, Paul Jake Paule, Amado Arjay Babon","Filipino, Psychological Drama, Drama",6.7,64,4h 10m(250 min)
Wersow on Tour,"This film is a story about the challenges that Weronika Sowa had to face, combining different aspects of her life to achieve the goal she set out to achieve by releasing her album, which culminated in the 'Wersow on Tour' concert tour.",Stars,"Weronika Sowa, Karol Wisniewski, Jakub Chrzan, Kinga Banas, Wiktoria Bochnak",Documentary,N/A,Top 5 Most Popular Indian Movies Each Year (2000-2025),4h 4m(244 min)
Die Ermittlung: Oratorium in 11 Gesängen,"In 1963 former SS soldiers are tried for their involvement in running the Auschwitz camp. Witnesses and defendants take the stand, some describing the worst of which humanity is capable, others hiding behind procedures and orders.",Christoph Gampl,"Tom Wlaschiha, Andreas Pietschmann, Christiane Paul, Rainer Bock, Karl Markovics","German, Drama, History",7.6,184,4h 1m(241 min)
72 Sigan,"Film about the occupation of Seoul in three days during the Korean war, which the DPRK calls the fatherland liberation war. Divided into two parts.",Jong-Un Kim,"Kang Deok, Ki-sop Ham, Ryong Hyeok-cheol","Korean, Drama, War",N/A,Korean,4h(240 min)
Escape the City,BTS of Case Files. The Dead are no Longer Lonely. Insight on characters. Visit the cast and crew of Case files.,Damien Kage,"Jessica Millott, Adam Collins, Kelvin Wolfenden, Sasha Desouza-Willock, Carl Wolfenden","Action, Horror",N/A,BBC RADIO 1 Interview Damien Kage,4h(240 min)
"Born in Gunsan and After Seven Years, I was Repatriated to Japan","A profound exploration of Kambayashi's memory, interweaving the remarkably detailed layers of his reminiscences about his hometown's essence.",Zonpilone,N/A,N/A,N/A,Top 5 Most Popular Indian Movies Each Year (2000-2025),3h 59m(239 min)
Seytan Üçgeni: II. Çöl Firtinasi,The second episode of the documentary series on terrorism and the Middle East from Baghdad-Washington-Ankara axis over the last 50 years.,Erlik,"George Bush, Saddam Hussein, Turgut Özal","Turkish, Documentary",8.9,34,3h 58m(238 min)
Cloud Chamber: Tones,Two women almost meet in the woods.,Matt Orefice,"Briana Bui, Allyson Mitchell",Drama,N/A,Top 5 Most Popular Indian Movies Each Year (2000-2025),3h 57m(237 min)
Youth (Hard Times),"Wang Bing's sequel documentary chronicles the struggles of migrant workers at clothing workshops, capturing their daily struggles to survive on low wages and exploring the possibility of collective empowerment as China's economy booms.",Wang Bing,N/A,Documentary,7.7,141,3h 47m(227 min)
Hubworld,Hubworld is a reflection on the decay of virtual spaces online. It follows a solitary protagonist as they journey through the fictional 2000's MMO right before the game closes it's servers for good.,Chris Erickson,N/A,Animation,N/A,Top 5 Most Popular Indian Movies Each Year (2000-2025),3h 47m(227 min)
Changing the Narrative Documentary,The documentary highlights challenges faced by the Black and Asian communities regarding swimming. It shares personal narratives and aims to foster dialogue and youth participation while addressing the many hurdles voiced.,Mysterex,"Aaliyah, Ed Accura, Jigisha Awuah, Lolita Awuah, Imran Cummings",Documentary,N/A,"Amazing Cast, Talented, Interesting and sophisticated individuals. 'Imzy' Imran Cummings, Jibril Rose, Mei-li Jade, Devonyae Headley, Brad Kent, Mustapha Jabang alongside Ed Acura and the team really delivered on this series and effectively highlighted a systemic issue that's plagued our country and westernised societies for generations. It's time for change.

It explores the life of Imran Cummings (Imzy) and Mei-Li Jade with the narrative centered around them; alongside supporting cast such as Imzy's friends and people they interact with in regular day-to day activities. International elements are also included such as the Portugal part later on in the series where Jibril rose and Imzy were flown out and captured some of their experiences especially those around water.

Overall, a great watch with an impact left for generations and we're excited to see what the future holds for these talented artists, actors, poets, social media stars, etc.",3h 45m(225 min)
Moongazer's Moonlight Reverie,"A cameraman is mesmerised by the moonlight and tries to capture this mystery at every step. Landscapes touched by moonlight, the soothing sound of sea waves.",Erkan Özçam,Erkan Özçam,N/A,N/A,Top 5 Most Popular Indian Movies Each Year (2000-2025),3h 43m(223 min)
